Open,Close,High,Low,Volume,RSI,MACD,Bollinger_Upper,Bollinger_Lower,Sentiment_Score,GDP_Growth,Inflation_Rate,Target
0.374638613,0.374779989,0.373509752,0.378390019,0.298908633,0.847286385,0.741715457,0.367146268,0.366420359,0.877176628,0.580868457,0.038603892,0
0.950982224,0.937745914,0.938422297,0.94615807,0.094805266,0.494542604,0.881343148,0.938396019,0.935639765,0.907191512,0.527043706,0.108907741,0
0.732197545,0.719825286,0.723644093,0.723158278,0.126348122,0.195470614,0.46317851,0.710665957,0.702300144,0.378363167,0.351052253,0.432540279,0
0.59882288,0.599865174,0.596972959,0.605322079,0.180662447,0.736683991,0.289076344,0.593792682,0.586936065,0.231613735,0.493273824,0.946349214,0
0.156052879,0.163409944,0.155891212,0.166084437,0.203645678,0.418698483,0.318761412,0.164158067,0.156355216,0.19164193,0.365116475,0.074866786,0
0.156028752,0.1729071,0.166794829,0.165806337,0.242255875,0.594659926,0.697082615,0.188214982,0.180906608,0.881970822,0.658045636,0.721408286,1
0.058089053,0.056673248,0.062732053,0.05693193,0.255454683,0.107264231,0.567617269,0.077499477,0.065521197,0.231205513,0.835201079,0.507390755,0
0.866419205,0.862608617,0.857992005,0.8674004,0.455719929,0.631618972,0.486506301,0.86291101,0.854022391,0.530838031,0.787050338,0.275862633,0
0.60128013,0.606079203,0.603584771,0.604284976,0.509579176,0.373567734,0.202621527,0.612846691,0.607921192,0.331727639,0.34070439,0.316943134,0
0.708269147,0.710685152,0.705567129,0.712457319,0.308876244,0.334204289,0.875693682,0.710610037,0.704884785,0.498932719,0.509485888,0.022837139,0
0.020578909,0.040865528,0.031184734,0.034402126,0.90732014,0.979974506,0.781203615,0.051181373,0.057837605,0.345756123,0.010561805,0.700501898,1
0.970183414,0.966227776,0.961908207,0.965953946,0.553147651,0.432451936,0.140449975,0.963775076,0.94601678,0.292935002,0.870460938,0.100402695,0
0.832675781,0.836538175,0.831834281,0.830167321,0.787495305,0.678076554,0.367331474,0.820057298,0.835806543,0.42731646,0.245377052,0.034674316,0
0.21238991,0.215013833,0.210303679,0.21704008,0.924262308,0.627762253,0.542176567,0.210833815,0.217097974,0.332913956,0.441135847,0.468362846,0
0.181866794,0.189319868,0.180415706,0.19365259,0.163125652,0.104302288,0.454332124,0.200650181,0.181568739,0.839706775,0.152501722,0.477393324,0
0.183446801,0.178896858,0.186025799,0.179951974,0.427876826,0.747970517,0.397756513,0.181966701,0.173921879,0.580658253,0.678229382,0.654809399,0
0.304320067,0.296999239,0.30418049,0.304650867,0.433212982,0.323172985,0.718978959,0.301540531,0.291021067,0.17614708,0.545375624,0.706526749,0
0.524899097,0.518545457,0.52363687,0.526999134,0.35447132,0.798986036,0.054264869,0.525960203,0.512765512,0.235928943,0.364809496,0.50884489,0
0.432060393,0.424291953,0.429225495,0.428036555,0.008889527,0.60767412,0.471413752,0.428560666,0.424239911,0.053527005,0.535268353,0.708124363,0
0.291303137,0.290459096,0.287626762,0.296110061,0.815991756,0.317104854,0.262063629,0.302720798,0.292531113,0.299675279,0.168693086,0.250249414,0
0.612021171,0.602252311,0.604868295,0.604955155,0.111547559,0.356309019,0.084397234,0.59938153,0.607460723,0.669524544,0.775790702,0.143697998,0
0.13952324,0.136270224,0.138371906,0.139898131,0.99550825,0.731549221,0.464886784,0.138997492,0.150224633,0.182938784,0.265947007,0.931596368,0
0.292218915,0.307238593,0.299263028,0.301895464,0.772976222,0.550088694,0.171197905,0.305488876,0.299461804,0.099178301,0.61512503,0.373296124,0
0.366457933,0.357833224,0.365011589,0.361043489,0.580019144,0.668388551,0.258103923,0.352655493,0.359616488,0.32100317,0.89959223,0.090047193,0
0.456192452,0.463450874,0.458370596,0.460840526,0.154596575,0.158320771,0.50703281,0.454009241,0.471897699,0.612525578,0.038500123,0.827222162,0
0.785395203,0.771292718,0.776446766,0.778555476,0.515399216,0.787022337,0.974004019,0.756455965,0.759673316,0.472775931,0.38756102,0.613170895,0
0.199720858,0.216799171,0.206709555,0.212415561,0.261103647,0.32040491,0.684381994,0.217618059,0.214465846,0.332178642,0.134863349,0.592019557,1
0.51437401,0.524217381,0.515907556,0.518081856,0.252317039,0.619895444,0.279513862,0.519434495,0.527424287,0.882969537,0.908852889,0.132607135,0
0.592577129,0.594894747,0.58866699,0.598423925,0.829549502,0.114679276,0.382357791,0.591265022,0.592450156,0.468553357,0.360095665,0.757475303,0
0.046452433,0.060950545,0.04917378,0.061799555,0.38064466,0.321433903,0.406098667,0.072397623,0.064005365,0.455041609,0.213311813,0.203627376,0
0.607711861,0.593833949,0.604004639,0.598846523,0.450727165,0.648903464,0.153456543,0.599288333,0.586947352,0.031629096,0.676596859,0.042067905,0
0.170562628,0.190044879,0.179447546,0.184619859,0.842985589,0.274216549,0.160477183,0.189606984,0.192322269,0.639347607,0.543270076,0.16105755,1
0.065059083,0.084188509,0.077185048,0.074237688,0.087777803,0.880364277,0.1482106,0.099223518,0.091863359,0.459340052,0.817102274,0.700659694,1
0.949152917,0.949712875,0.94785999,0.947192311,0.594627631,0.66126542,0.521696727,0.933582677,0.949233574,0.145055531,0.753213148,0.791272692,0
0.965904337,0.960332871,0.956261203,0.96107414,0.578224728,0.870329784,0.674307228,0.964404468,0.960785078,0.243722841,0.974886326,0.246608057,0
0.808623417,0.798735847,0.802541721,0.807177767,0.425216793,0.395409449,0.590793367,0.788950707,0.791525145,0.202345182,0.090463578,0.31506371,0
0.304691702,0.319060347,0.313064104,0.310173509,0.829794905,0.033979046,0.97806458,0.331554395,0.326471994,0.122075387,0.08020073,0.162735301,0
0.097689196,0.101770432,0.096451699,0.107330761,0.942915369,0.576171135,0.125677374,0.102818375,0.09533007,0.435535264,0.907555459,0.452801466,0
0.684422586,0.682535751,0.682088744,0.690917735,0.465339875,0.339208386,0.986776856,0.690916616,0.673024844,0.363277095,0.955942588,0.220065946,0
0.440270281,0.432299141,0.43322856,0.440734814,0.456150654,0.448210752,0.466674597,0.442407078,0.428518543,0.360112916,0.406667584,0.984240922,0
0.122062482,0.141047054,0.130677712,0.134102538,0.50206938,0.681148601,0.218489443,0.14541242,0.14670161,0.251512243,0.45591895,0.767059692,1
0.495310878,0.487161594,0.492797773,0.495567033,0.723139539,0.700704399,0.943558199,0.486510256,0.488567594,0.436420478,0.368719287,0.597185038,0
0.034386995,0.038197889,0.037468905,0.040657214,0.668073343,0.027549876,0.468615099,0.035960112,0.051115802,0.547522879,0.777839806,0.721418532,0
0.909576148,0.902740542,0.899758211,0.91047837,0.222828149,0.769347123,0.347278339,0.890193231,0.903297702,0.611505061,0.770937324,0.16690952,0
0.258844437,0.27102773,0.260773118,0.269728377,0.063881461,0.493544407,0.213663959,0.271266393,0.268911851,0.219808053,0.220392831,0.743697552,0
0.662705459,0.662671137,0.661777288,0.665141441,0.949279721,0.556728609,0.267760696,0.659470761,0.650174143,0.727852895,0.383920033,0.34636437,0
0.311791096,0.309819872,0.308385089,0.316537128,0.261064664,0.298006237,0.979517748,0.305721768,0.301653252,0.027001162,0.212407272,0.469599707,0
0.520209308,0.508103558,0.513256695,0.511589498,0.638608423,0.420854282,0.303879642,0.508434151,0.499650338,0.750450939,0.046541253,0.88539966,0
0.5468594,0.552685657,0.548285704,0.551478809,0.828458207,0.710415533,0.978103341,0.556732811,0.539296546,0.282953354,0.056041635,0.944338765,0
0.184897173,0.204079705,0.199514529,0.192643152,0.300273403,0.776758762,0.330136424,0.207545546,0.19477082,0.369991261,0.146772554,0.768662135,1
0.969858094,0.967888575,0.963662825,0.969554266,0.635445011,0.387124358,0.231282544,0.953654533,0.945625885,0.580712976,0.029793742,0.767686814,0
0.775349111,0.769000678,0.7693466,0.772503187,0.107888316,0.691156608,0.183200362,0.766081622,0.759124201,0.610454627,0.42321378,0.744628582,0
0.939763561,0.940737159,0.940188405,0.938365695,0.969957957,0.258052807,0.411823341,0.92213495,0.936680896,0.421147787,0.063942229,0.62646849,0
0.895078834,0.884926069,0.885020208,0.889214182,0.058144131,0.832071426,0.236673655,0.874860315,0.884686313,0.93791966,0.847586814,0.195552972,0
0.598064152,0.597108055,0.594789848,0.605992647,0.438177475,0.609847725,0.697072314,0.596937524,0.580604861,0.858341888,0.712213746,0.588495554,0
0.922133672,0.913046116,0.915730103,0.919320927,0.536826442,0.77523137,0.239640663,0.902331754,0.907454064,0.225019219,0.783797695,0.056575135,0
0.088506885,0.096605335,0.087338596,0.09717699,0.79050029,0.47717922,0.835611582,0.101471123,0.111999584,0.588912278,0.61758137,0.030684387,0
0.196028853,0.209833118,0.199641561,0.209968471,0.121117181,0.229116601,0.834225191,0.22464394,0.214648077,0.720994141,0.66399355,0.838106371,0
0.04522895,0.056193789,0.050339802,0.057611874,0.440810893,0.429252186,0.285421866,0.075950736,0.055133442,0.216925811,0.113348685,0.540595134,0
0.325414355,0.325220239,0.32446466,0.327313939,0.299708197,0.381503185,0.753707343,0.337359757,0.315988012,0.018422058,0.05808848,0.016362931,0
0.388779941,0.385791655,0.385307086,0.390039312,0.312007892,0.332730982,0.857773472,0.379300422,0.385425598,0.975627265,0.989435277,0.27273631,0
0.271417183,0.265556606,0.270451257,0.272733522,0.778805906,0.2121799,0.590205185,0.265908839,0.271721634,0.958370219,0.372971734,0.683022311,0
0.82896956,0.824478796,0.824183686,0.82841262,0.005444452,0.759210895,0.366274818,0.824444211,0.809149121,0.32033544,0.051188625,0.939484558,0
0.356846591,0.353854321,0.356264607,0.361600977,0.749100307,0.086349164,0.440952925,0.368984974,0.353421225,0.23909824,0.159599558,0.844215307,0
0.28100548,0.277640102,0.282483765,0.27932491,0.810417829,0.887613509,0.786415056,0.276625614,0.288592228,0.154593589,0.874390062,0.445170199,0
0.542844024,0.546228269,0.541110426,0.55150666,0.901385699,0.175028321,0.29321748,0.555912951,0.533174153,0.687153078,0.20576713,0.285589699,0
0.140954025,0.15364167,0.144062089,0.155121415,0.626893019,0.979932576,0.334386238,0.166885088,0.153082438,0.755302637,0.467094796,0.310143343,0
0.802421227,0.802635244,0.801362204,0.805364006,0.33345346,0.988527563,0.160607406,0.809545828,0.805517587,0.420395399,0.667591565,0.733718535,0
0.074560927,0.084328144,0.075041166,0.08608943,0.427237046,0.398405994,0.399013806,0.083377914,0.100537687,0.242793022,0.966081404,0.804535441,0
0.98716549,0.986883127,0.986906525,0.982077642,0.969762587,0.987880544,0.086295082,0.976194817,0.985294338,0.448718383,0.013999112,0.365502611,0
0.772460208,0.777824953,0.774705457,0.777027104,0.881209382,0.869119825,0.320950549,0.773068854,0.762270621,0.516357563,0.48764198,0.622934784,0
0.198762475,0.21329547,0.203203782,0.21199857,0.463529841,0.08242751,0.373425937,0.223810284,0.21587962,0.543403527,0.996255204,0.745710537,0
0.005512103,0.019993095,0.010534584,0.020059802,0.943088322,0.947385251,0.25535718,0.033707356,0.029493983,0.443361769,0.121663355,0.845817305,0
0.815689575,0.804645319,0.808615119,0.809450315,0.822974835,0.042508876,0.101146687,0.809666814,0.802384426,0.003704596,0.123658946,0.640998462,0
0.707053556,0.714963732,0.714097129,0.710048893,0.901113305,0.181918366,0.521699834,0.720046517,0.708091896,0.471773615,0.086972461,0.864411408,0
0.729209893,0.719299455,0.721781115,0.727377845,0.682990952,0.584627294,0.865313141,0.705493619,0.722539299,0.347261075,0.507909923,0.281568485,0
0.771485499,0.758917786,0.761084746,0.765471413,0.85767555,0.080734296,0.335569336,0.754719449,0.748619244,0.556562354,0.348425654,0.698866616,0
0.074054786,0.082329852,0.074445511,0.08692082,0.891789169,0.161730442,0.236668775,0.088943769,0.089644883,0.069352937,0.71638717,0.402095247,0
0.358559496,0.351294138,0.358053764,0.356509417,0.092003951,0.953548898,0.284933427,0.367019198,0.342380261,0.879206839,0.571383018,0.928762918,0
0.115891492,0.136392144,0.127544575,0.129003745,0.96524328,0.994747828,0.862117298,0.142474565,0.133766222,0.875458393,0.580929429,0.218785147,1
0.863345581,0.858244534,0.857884669,0.861440536,0.333611238,0.798182974,0.527843746,0.856886625,0.860590195,0.564116193,0.511125995,0.787463041,0
0.623469768,0.622751391,0.618905839,0.624379144,0.439902388,0.515236375,0.130596007,0.616260429,0.625686642,0.737129666,0.992286988,0.931783443,0
0.330983687,0.338967244,0.330640891,0.337622982,0.791922334,0.90035439,0.709363131,0.345739832,0.339511297,0.437897764,0.539124991,0.682527312,0
0.063565401,0.073408465,0.066915756,0.076625345,0.664909217,0.11189803,0.154188278,0.075377819,0.074194256,0.590302002,0.072288437,0.789114194,0
0.311062127,0.304210812,0.30596591,0.30837286,0.893082998,0.942948252,0.060009101,0.31137221,0.299571875,0.6176778,0.322200638,0.886275776,0
0.325267303,0.332309577,0.326025155,0.336681493,0.400574876,0.351568661,0.255563043,0.345295362,0.324744661,0.353878123,0.780831286,0.309552682,0
0.729809079,0.730702495,0.7256027,0.730387769,0.373288072,0.861540178,0.16791749,0.715814669,0.734554397,0.960894112,0.628559989,0.124511655,0
0.637733306,0.63327773,0.628320766,0.638793941,0.031673526,0.668410918,0.605078446,0.631874849,0.639585565,0.602606511,0.684070437,0.936627689,0
0.887461987,0.885974947,0.884426659,0.884458711,0.462729273,0.960331881,0.484577459,0.891292734,0.873837894,0.990555038,0.92200565,0.037482814,0
0.472342141,0.466796354,0.468253693,0.474207171,0.72408632,0.864728954,0.72421465,0.46023224,0.459082723,0.432364496,0.443825508,0.4846619,0
0.119617774,0.121509148,0.121588315,0.122655048,0.30117541,0.887950416,0.51159778,0.122016628,0.11836982,0.032293141,0.019430415,0.322490074,0
0.713442877,0.701112893,0.708078348,0.706397101,0.46273041,0.631789351,0.418978923,0.697623995,0.702926238,0.302423775,0.99031145,0.554657562,0
0.760997118,0.752798438,0.75489714,0.761495872,0.219390815,0.83320737,0.526253924,0.757945899,0.734156753,0.650793119,0.454626468,0.989454021,0
0.561430602,0.569142762,0.564099657,0.56519474,0.772805528,0.757174764,0.434468089,0.570342426,0.571510061,0.910362739,0.09754518,0.0457085,0
0.771182243,0.773921127,0.77233497,0.769811327,0.060497523,0.161625808,0.036838147,0.76997298,0.772176813,0.615167729,0.548663131,0.769715233,0
0.493929158,0.491732646,0.49013697,0.493995487,0.705397772,0.648633044,0.680824035,0.482958842,0.497270562,0.471759496,0.590295629,0.024542355,0
0.5228749,0.52510463,0.519760777,0.526848084,0.378940172,0.148177299,0.962418642,0.536717714,0.532723686,0.080717997,0.564417525,0.261255356,0
0.427655098,0.435153004,0.430314143,0.438058051,0.041581187,0.869507456,0.422008303,0.433694192,0.42593221,0.144734767,0.965131258,0.705640708,0
0.025414963,0.029817702,0.030373596,0.02956538,0.853490907,0.0659459,0.423708716,0.03369124,0.047070029,0.053442882,0.319640607,0.274845769,0
0.107911514,0.108754129,0.106225445,0.110574189,0.487726874,0.987106088,0.045525172,0.114983676,0.113602145,0.711191006,0.034426327,0.610813563,0
0.031426789,0.053585345,0.047655624,0.046006221,0.599328957,0.400645773,0.890625743,0.060910663,0.06834365,0.83110641,0.919950996,0.966937692,1
0.636585908,0.637068788,0.629989383,0.642736725,0.732046596,0.17063265,0.929390539,0.634488887,0.642677292,0.164418377,0.191202326,0.874850277,0
0.314436779,0.330743752,0.32284207,0.326083616,0.655086906,0.93573087,0.813340933,0.339445517,0.320359904,0.325220354,0.749593202,0.836439715,1
0.508708597,0.505091767,0.502588022,0.513850109,0.730872723,0.045420676,0.106136935,0.514823219,0.494261492,0.479103879,0.20397756,0.193545996,0
0.907821704,0.904569451,0.904099814,0.905599927,0.762298938,0.470129517,0.900476055,0.887326933,0.897047772,0.142764809,0.829144924,0.271799789,0
0.249353895,0.248490743,0.245397209,0.25429145,0.589161064,0.770271641,0.023699292,0.253990485,0.251000602,0.416184165,0.906576985,0.78768525,0
0.410491957,0.407111691,0.410031601,0.415456111,0.365637398,0.316763816,0.444562156,0.407785451,0.396981526,0.966854365,0.105292758,0.73058804,0
0.755761669,0.75109901,0.750768882,0.758522125,0.243136255,0.52886259,0.500644028,0.73562704,0.736619536,0.719157213,0.147224121,0.291350857,0
0.228853805,0.230804996,0.229017363,0.234673638,0.902926761,0.700452731,0.834216028,0.244457832,0.228024996,0.16691135,0.925489298,0.428958322,0
0.076990907,0.078485048,0.077667814,0.083726572,0.969951357,0.952033428,0.75102487,0.077902249,0.082116868,0.098790491,0.770855083,0.648615043,0
0.289825016,0.289078046,0.291286933,0.2965464,0.357661967,0.102701266,0.797289397,0.284786422,0.287285275,0.445145296,0.038811487,0.525588436,0
0.161257056,0.157714031,0.163610803,0.163298505,0.112299,0.157229079,0.868134558,0.154296726,0.163391993,0.987974511,0.182160334,0.456155959,0
0.92995939,0.926265634,0.92504703,0.927949982,0.222530513,0.508897443,0.476077039,0.912051258,0.91515909,0.793295565,0.41211121,0.100101186,0
0.808346367,0.802069928,0.801447219,0.812428191,0.670680515,0.418495295,0.780435075,0.789623793,0.792873435,0.293109707,0.864379193,0.435004269,0
0.633578369,0.621320283,0.627921107,0.62706864,0.172924344,0.410815966,0.067802314,0.616379341,0.607493421,0.02625276,0.151008363,0.992299672,0
0.871705203,0.856226898,0.86314975,0.866446059,0.780140322,0.296973484,0.444534239,0.854346317,0.853793426,0.411281523,0.724275802,0.34196584,0
0.803896757,0.788182775,0.794307808,0.797617209,0.923054662,0.560714908,0.02987989,0.773055968,0.786276257,0.160516526,0.083643408,0.694083768,0
0.186613281,0.196641017,0.188691083,0.198187513,0.963677748,0.883340621,0.915576201,0.211987484,0.206018088,0.180261133,0.467221737,0.505860424,0
0.892809815,0.874982104,0.88020798,0.88565396,0.009309185,0.16092697,0.95869994,0.86476095,0.863551738,0.162277472,0.729131286,0.794826271,0
0.539489196,0.545403594,0.539763781,0.547242116,0.958180153,0.215292696,0.083717515,0.548102366,0.536993705,0.71961672,0.064636371,0.748370908,0
0.807665943,0.789863861,0.800730753,0.798176622,0.740210688,0.670861178,0.532665599,0.773690084,0.788122889,0.035813974,0.204206668,0.944532965,0
0.896343156,0.882236461,0.890176954,0.891262834,0.084037243,0.056193085,0.325058097,0.872820816,0.868327387,0.56473366,0.791966565,0.650818018,0
0.318085345,0.332093297,0.329052075,0.324999766,0.415242248,0.673802082,0.342462875,0.324287076,0.329055157,0.752531701,0.16347337,0.947895457,0
0.110072647,0.124336964,0.11644078,0.125179084,0.700059953,0.314469334,0.45069145,0.124360199,0.132340721,0.156388125,0.667653124,0.04152969,0
0.227990548,0.223924728,0.227828622,0.224959909,0.956711415,0.357870098,0.124868297,0.228855868,0.232367045,0.892949324,0.642295909,0.406850914,0
0.427221741,0.437183551,0.429315152,0.431957424,0.164131976,0.405568819,0.180604871,0.440199773,0.426194204,0.078109249,0.520463679,0.675331475,0
0.818243663,0.811777085,0.811168967,0.81714491,0.127722241,0.34960316,0.577433591,0.7985749,0.801689035,0.682713097,0.201677675,0.480348786,0
0.860972041,0.86224383,0.857284145,0.8627582,0.472351379,0.841259014,0.01849652,0.862313692,0.848039571,0.171944289,0.41697673,0.932301596,0
0.006942537,0.020539925,0.009718061,0.018114637,0.968125325,0.946125058,0.599878976,0.023079978,0.015847343,0.806045463,0.621870749,0.140500318,0
0.510885849,0.51564186,0.512042094,0.519009261,0.971405793,0.548040713,0.318832066,0.507116945,0.519529792,0.571398952,0.881910765,0.480264065,0
0.417522104,0.431910334,0.424917984,0.427517573,0.227908167,0.581910065,0.8324193,0.430183756,0.433784612,0.589207941,0.798014583,0.856290256,0
0.222161483,0.222120621,0.217950834,0.229168243,0.319344651,0.07047952,0.600084581,0.229572602,0.225675634,0.346011636,0.607442637,0.757546595,0
0.119888975,0.131627891,0.125841363,0.128458152,0.908055739,0.713232521,0.708232026,0.151284993,0.141622982,0.283248501,0.228446723,0.791313023,0
0.337702808,0.340758727,0.333939561,0.346596901,0.734857521,0.584130592,0.114221335,0.342793742,0.332463703,0.463316449,0.216671333,0.462470352,0
0.943175326,0.922925714,0.929816379,0.927860839,0.972343048,0.050389555,0.26574644,0.9141902,0.922567971,0.757724866,0.814051871,0.338456622,0
0.323286331,0.315741914,0.317963544,0.321686859,0.893171452,0.198430874,0.996977978,0.309618475,0.322341438,0.168199435,0.664538496,0.506397031,0
0.518931533,0.509747696,0.512410378,0.512202222,0.215088905,0.201948869,0.433633738,0.516939537,0.514084791,0.816283689,0.35807809,0.201085594,0
0.703214042,0.703037264,0.697464032,0.703042987,0.759743999,0.170971272,0.358803277,0.692572296,0.685641467,0.47983416,0.971696692,0.641429393,0
0.363724889,0.368836231,0.364722119,0.368646796,0.04855066,0.658682798,0.874092424,0.378172754,0.365168221,0.452208754,0.889949861,0.78655251,0
0.972056195,0.963763267,0.961560902,0.970748514,0.81785251,0.928495004,0.032823532,0.96589574,0.947473689,0.016569849,0.67163038,0.07178917,0
0.962718662,0.941863364,0.954601302,0.947297257,0.601566849,0.76301934,0.534813562,0.940988636,0.940570445,0.124172533,0.369250886,0.599153174,0
0.251844694,0.256964803,0.248171716,0.257537177,0.956126859,0.477397868,0.210109006,0.265947189,0.265685587,0.431966375,0.30875825,0.575507615,0
0.497383083,0.508370262,0.503406523,0.504667357,0.960058527,0.40407064,0.368096255,0.511700687,0.49785508,0.981321473,0.939588902,0.264079488,0
0.300955144,0.303265478,0.300460457,0.30805293,0.050800638,0.386476238,0.19962278,0.306843768,0.302186413,0.250133703,0.443511275,0.995497751,0
0.284912613,0.293130386,0.287440619,0.292560763,0.160511906,0.601279855,0.03757444,0.289477946,0.304792882,0.010226654,0.800177289,0.499843494,0
0.036886156,0.054222379,0.046042113,0.051455756,0.484211902,0.359236919,0.416483674,0.070291151,0.057582187,0.435838925,0.939927279,0.888119811,1
0.609731937,0.614862743,0.614040195,0.612112299,0.879516005,0.226129082,0.789390939,0.613151468,0.610511728,0.015925488,0.492067474,0.190368944,0
0.502815197,0.503766889,0.496804615,0.511867608,0.814464722,0.602875914,0.952236841,0.50770559,0.509107016,0.336210114,0.65322115,0.748943985,0
0.05148225,0.070416852,0.061584393,0.064178412,0.964396291,0.390723838,0.623944893,0.07646131,0.07283567,0.354045238,0.086185226,0.079278017,1
0.278716761,0.28135277,0.279958511,0.288195254,0.618094941,0.014117367,0.388792565,0.279270648,0.290129136,0.00232389,0.652693989,0.068104431,0
0.908521321,0.909797203,0.905311844,0.909692268,0.256558223,0.022224209,0.770031958,0.910444642,0.892169425,0.779580218,0.215054978,0.192139951,0
0.239620695,0.239397883,0.235230888,0.244974084,0.025091022,0.274147023,0.505247028,0.241506234,0.238224293,0.912870942,0.670643623,0.737373609,0
0.14492584,0.14771581,0.143064354,0.148438707,0.222919694,0.512448991,0.367563434,0.164135888,0.142080533,0.998784415,0.100980209,0.997110822,0
0.489585045,0.47941396,0.486263866,0.486955195,0.675286572,0.354255426,0.17892339,0.491975846,0.478669429,0.508779402,0.495270002,0.81107923,0
0.985928644,0.983263208,0.980775652,0.982100148,0.92629939,0.024048373,0.796321924,0.98309317,0.971540951,0.30660613,0.521087034,0.424734268,0
0.242114809,0.246165426,0.238688024,0.247829257,0.32090124,0.223158671,0.500446049,0.243002099,0.241456755,0.717483683,0.483577431,0.64366441,0
0.672321549,0.662531555,0.66536664,0.668949515,0.875726642,0.096417504,0.964093029,0.668992391,0.655636255,0.736472809,0.756870321,0.474660659,0
0.76183193,0.750184493,0.75487553,0.759102146,0.39489912,0.948688778,0.802104895,0.746938307,0.74112634,0.379179214,0.754666059,0.247423302,0
0.237695783,0.253693313,0.244666789,0.249709225,0.308268258,0.312847147,0.419989694,0.253108161,0.25383391,0.565586125,0.706507778,0.615948221,1
0.728418841,0.732223303,0.727816836,0.731101516,0.508850196,0.014758954,0.741009886,0.719081667,0.725420895,0.821785055,0.631736326,0.529674762,0
0.36787964,0.372568148,0.36729661,0.37949504,0.442276477,0.660600227,0.453384445,0.370638759,0.364547205,0.189155207,0.90458595,0.537834244,0
0.632480121,0.633015805,0.632508782,0.63615262,0.913823879,0.232455486,0.079641818,0.622802323,0.628108636,0.020444647,0.5757266,0.063383962,0
0.633704361,0.630744241,0.628843936,0.633612971,0.46826109,0.56676678,0.516710748,0.617889561,0.615886968,0.539695967,0.348335973,0.121046158,0
0.535920589,0.533038388,0.533115222,0.541197875,0.277331017,0.150747384,0.865960967,0.545121249,0.52211901,0.664398344,0.059109975,0.499749493,0
0.090304681,0.109812941,0.100389163,0.102033562,0.842586411,0.984072444,0.855667693,0.126101971,0.109145564,0.574974339,0.535889858,0.358748166,1
0.835536476,0.819707534,0.825106878,0.823678228,0.99877731,0.97031745,0.57503045,0.82042665,0.801571175,0.596246772,0.22771771,0.425042735,0
0.320862752,0.323255752,0.318381469,0.324904609,0.648183585,0.656020012,0.379973892,0.320200719,0.322560855,0.393084497,0.386989432,0.390078607,0
0.186561718,0.190031807,0.188416067,0.190931801,0.2504558,0.707242803,0.009836187,0.1855132,0.184839942,0.651500152,0.04986419,0.711513156,0
0.040775493,0.051135711,0.041901179,0.05138759,0.238808989,0.425899734,0.311320299,0.060212322,0.062334827,0.042784097,0.640985479,0.178562432,0
0.591055056,0.588602634,0.588015288,0.595965846,0.057692532,0.962237054,0.990112963,0.593732672,0.594387921,0.151163361,0.886877368,0.942268107,0
0.67775196,0.674936094,0.675118681,0.678072153,0.077279748,0.423760316,0.726642542,0.683752633,0.66448739,0.444802747,0.325147937,0.47045812,0
0.016581068,0.018695051,0.015171106,0.017863728,0.915007158,0.239476026,0.717734904,0.03699351,0.029028708,0.943009078,0.805037996,0.340413272,0
0.512232,0.512831188,0.504592965,0.518022757,0.096474672,0.115378108,0.761254982,0.523030727,0.506451006,0.644497003,0.126247652,0.021152128,0
0.226550738,0.226662325,0.223022495,0.231451081,0.484348709,0.208131174,0.620203131,0.226519383,0.238720504,0.355268121,0.723273418,0.355155652,0
0.645350864,0.635044354,0.638190587,0.641917641,0.698136173,0.572244406,0.585928517,0.625222488,0.618792684,0.457954315,0.07968803,0.625830767,0
0.174406063,0.171292305,0.171409176,0.175889108,0.850375964,0.245100133,0.453612339,0.172409325,0.173804069,0.845650212,0.258616506,0.797366856,0
0.691129269,0.693990946,0.693467425,0.696252498,0.17126185,0.654285969,0.443921455,0.682658738,0.69944404,0.542469276,0.360259529,0.732098724,0
0.386837427,0.388033268,0.380317182,0.391870732,0.437781463,0.382202359,0.871083775,0.398297734,0.387663447,0.04784006,0.156741046,0.573286931,0
0.936993794,0.931245639,0.928711931,0.935736398,0.251474672,0.886925437,0.393414416,0.933807629,0.913762185,0.416858678,0.184458906,0.436130448,0
0.137549744,0.151445545,0.14104138,0.149367689,0.25581776,0.558508025,0.840509363,0.154365751,0.145890992,0.388021183,0.699053185,0.525507928,0
0.341155003,0.349495607,0.346374885,0.352539915,0.303836119,0.622638419,0.83795052,0.362368028,0.35016115,0.899908467,0.095700765,0.961924163,0
0.11349525,0.121616698,0.115267176,0.122488733,0.587125657,0.556589629,0.77107549,0.11903981,0.134359383,0.305398836,0.934110795,0.966231714,0
0.924953884,0.913622243,0.918115749,0.923985631,0.016561474,0.885621216,0.037393975,0.91109682,0.893650093,0.064667305,0.768512712,0.803395614,0
0.877585695,0.86697948,0.871801593,0.877500387,0.408767777,0.063415495,0.147787875,0.861732759,0.846026473,0.354810851,0.356750821,0.166837173,0
0.258005837,0.267171766,0.260105187,0.266779543,0.186821729,0.067344904,0.314617575,0.267181522,0.278857337,0.043870597,0.628865707,0.934348391,0
0.660166475,0.657138768,0.651704924,0.66426379,0.967144896,0.70178005,0.847755126,0.661616684,0.661593712,0.832306403,0.719550204,0.647967208,0
0.817450865,0.819715064,0.815290547,0.821752007,0.582738407,0.76800826,0.873496101,0.807783081,0.809585053,0.59020905,0.594578094,0.477850836,0
0.555352429,0.563872738,0.557400751,0.561513529,0.868117441,0.433610791,0.041311143,0.561651364,0.559013776,0.46937191,0.618358799,0.561498128,0
0.529794683,0.52163358,0.52651753,0.525164573,0.195681976,0.352320993,0.324642803,0.527258342,0.516202844,0.359834896,0.916166433,0.476472569,0
0.241911769,0.239095003,0.237378212,0.242035154,0.810035082,0.27795574,0.850607643,0.241108908,0.245171505,0.417649697,0.881280307,0.478252278,0
0.093118506,0.10559047,0.093793119,0.10635925,0.41478422,0.234402566,0.249567937,0.122530757,0.120432793,0.787853726,0.914001819,0.431251659,0
0.897467944,0.884605862,0.888731708,0.894665212,0.177685875,0.912012846,0.976299677,0.887141564,0.872977433,0.179995007,0.885398482,0.895967388,0
0.900671185,0.880823682,0.892145038,0.887609681,0.76126241,0.295151402,0.489317568,0.867514294,0.879572314,0.071413224,0.685516656,0.455889214,0
0.633275981,0.640463462,0.637945135,0.634305118,0.762028339,0.648114913,0.937586597,0.63738412,0.638885485,0.561725613,0.491816109,0.220152244,0
0.339117844,0.336431529,0.335792293,0.339744397,0.995915577,0.787140453,0.428805084,0.338867159,0.334414108,0.85892271,0.48744287,0.228764361,0
0.349300621,0.363582894,0.359656663,0.355263328,0.780955347,0.021959656,0.32371664,0.364980609,0.370076573,0.562237452,0.771712343,0.131605544,0
0.726157506,0.727160212,0.724434051,0.728456981,0.145256989,0.033868046,0.362350305,0.723929474,0.719217518,0.796168179,0.924154325,0.554344132,0
0.897362415,0.895793803,0.891388742,0.895568928,0.322542387,0.333151872,0.884543712,0.879125731,0.880738158,0.892777392,0.087989973,0.324848059,0
0.887335632,0.872249968,0.880128746,0.877029748,0.451730323,0.696055156,0.330611099,0.875128971,0.873209003,0.076862603,0.877011111,0.577472372,0
0.780093228,0.768112331,0.775416752,0.773157071,0.126641716,0.26080813,0.669464553,0.759020138,0.757596644,0.589182263,0.849854553,0.930985115,0
0.642208796,0.640214665,0.633211832,0.642935379,0.788057377,0.00147496,0.469845185,0.626609719,0.634598333,0.83277221,0.087520476,0.955762593,0
0.084153068,0.085602935,0.08424146,0.088953896,0.526705287,0.288159275,0.941947627,0.098831143,0.099665297,0.643544812,0.656660996,0.305821434,0
0.161664603,0.164712012,0.161471159,0.165057756,0.944474946,0.09012858,0.159185716,0.175621374,0.162742785,0.591540871,0.972105822,0.220218761,0
0.898806768,0.886411121,0.886634221,0.893307221,0.589317685,0.219419956,0.428635421,0.891739714,0.88122842,0.788088394,0.851834246,0.055320891,0
0.606595741,0.596517323,0.603512079,0.599785499,0.522905663,0.333204472,0.124435893,0.600959597,0.599535157,0.707272411,0.062765031,0.272908194,0
0.009188118,0.013057932,0.009443947,0.01885405,0.071411601,0.128057725,0.57820472,0.019188961,0.023951404,0.501620234,0.925387334,0.506350034,0
0.101489742,0.11765185,0.111379793,0.112421817,0.149335827,0.706404851,0.402862828,0.136700527,0.120361752,0.044006389,0.173042806,0.602679563,1
0.663685232,0.652565554,0.658412572,0.656343345,0.849547221,0.255929391,0.060702332,0.647456863,0.645033868,0.613340485,0.072401192,0.098148741,0
0.005051434,0.004685616,0.007685027,0.009434084,0.990703416,0.661131811,0.850061231,0.022703902,0.018438325,0.213157251,0.227814744,0.245508994,0
0.160843699,0.17183519,0.161666591,0.170830791,0.415180912,0.599065598,0.375462521,0.175052304,0.164204476,0.254070585,0.483296697,0.041935595,0
0.548883505,0.560021143,0.553498671,0.551677339,0.810105469,0.898098787,0.493647055,0.549049892,0.560156994,0.679550872,0.815390274,0.776314134,0
0.69208701,0.684370746,0.681831397,0.692481795,0.627597014,0.087930784,0.407479651,0.687510335,0.683772992,0.453089833,0.267107386,0.270178158,0
0.652141329,0.640081853,0.643830044,0.64705264,0.959085302,0.214614431,0.488666102,0.63484448,0.642225478,0.716788841,0.390280085,0.569192787,0
0.224323617,0.232508483,0.224012056,0.234012661,0.238131117,0.865229469,0.016064397,0.234662037,0.243426761,0.3925504,0.141025799,0.460265656,0
0.712376998,0.71829863,0.717712312,0.71490656,0.544843301,0.822179538,0.815662691,0.720369762,0.699944176,0.87004876,0.291547433,0.477414608,0
0.237307212,0.250441808,0.242259201,0.250713135,0.40879731,0.19211033,0.332230665,0.251853631,0.247721755,0.427061754,0.902263342,0.665771061,0
0.325483743,0.332771074,0.328192126,0.337089606,0.541723395,0.107734985,0.724612095,0.327736362,0.325900261,0.493820412,0.680915174,0.410450523,0
0.746699271,0.737414451,0.73864714,0.74723832,0.268853335,0.856291891,0.064654188,0.731650856,0.732679926,0.126247517,0.674043477,0.249856434,0
0.649812284,0.648159204,0.646594764,0.655204886,0.497751621,0.178141869,0.523859097,0.654141935,0.644682298,0.503562587,0.249823043,0.40959297,0
0.849461485,0.832492418,0.844067256,0.841830223,0.62481527,0.871161154,0.909049321,0.818355156,0.812009703,0.239783732,0.146164364,0.823871341,0
0.657794624,0.659324072,0.653821953,0.659518894,0.081202768,0.961172334,0.398208972,0.65862946,0.660792797,0.762992198,0.88761649,0.562155793,0
0.568464075,0.573041839,0.571386541,0.572818686,0.743003648,0.220813384,0.197103256,0.563831851,0.572996549,0.714053338,0.943853073,0.976751275,0
0.093690675,0.114338807,0.106843706,0.103959225,0.706537731,0.840436936,0.098868403,0.111758236,0.125545672,0.015814655,0.053501685,0.785108361,1
0.367812291,0.365329227,0.367417486,0.37307815,0.880480125,0.423851792,0.859316455,0.365941745,0.370009946,0.493809132,0.530234922,0.825710801,0
0.265268712,0.259068166,0.26496172,0.263092313,0.425858804,0.788824213,0.238674595,0.268381479,0.256464103,0.045367073,0.439863785,0.78276683,0
0.24404975,0.251204516,0.243454923,0.255249549,0.061655145,0.407415113,0.975366941,0.251472312,0.257264607,0.569282199,0.738543746,0.442365233,0
0.973285028,0.968718467,0.965866675,0.969345168,0.461464969,0.070392005,0.247696386,0.959595834,0.948511975,0.901657704,0.301794261,0.803672474,0
0.393201676,0.403142618,0.394116261,0.399263347,0.137598571,0.712735831,0.480999971,0.405748248,0.412781342,0.867185811,0.620679783,0.630890148,0
0.892297221,0.876916,0.883089439,0.881923832,0.647458947,0.150690566,0.457989756,0.879016754,0.870846989,0.243798753,0.082511454,0.225685458,0
0.631312573,0.623202149,0.628820037,0.632718957,0.047116889,0.927080381,0.061775342,0.629537295,0.609441463,0.140091943,0.823121544,0.094953739,0
0.795033378,0.789543937,0.788883651,0.794797911,0.373996346,0.417766566,0.531877917,0.773144288,0.778604704,0.79107735,0.238676131,0.498905384,0
0.502773254,0.499108839,0.497019113,0.504212521,0.082829856,0.081997352,0.672761224,0.498051539,0.489692671,0.546182555,0.313929275,0.58297929,0
0.577061884,0.584768585,0.58295682,0.579420548,0.003349847,0.228487288,0.742296255,0.587915363,0.584595616,0.423822479,0.378267019,0.349441912,0
0.492650879,0.492707043,0.490297323,0.498013768,0.960583319,0.862568475,0.522624884,0.502297974,0.493059051,0.810511581,0.206584532,0.629717527,0
0.19528876,0.209705699,0.200534956,0.205642342,0.996155029,0.321099109,0.812786658,0.205325288,0.202571197,0.252495634,0.809061023,0.150759262,0
0.722652913,0.720383029,0.713750845,0.728476324,0.555510985,0.856378427,0.752263877,0.72031161,0.707580962,0.22459098,0.06859866,0.80642887,0
0.280843285,0.292774159,0.283127711,0.288928851,0.238949768,0.172290149,0.193816651,0.305874889,0.296290417,0.611935203,0.933736006,0.400819933,0
0.024311478,0.030976114,0.028766275,0.035156349,0.911122927,0.468241877,0.401564565,0.034906358,0.043166721,0.272570394,0.930794892,0.726035433,0
0.645650458,0.65117178,0.650016846,0.65289904,0.923061019,0.878311431,0.142394352,0.642245533,0.655053461,0.426783628,0.827531269,0.853091331,0
0.17715112,0.179110714,0.175334849,0.185733721,0.854530257,0.048399727,0.133230838,0.18536458,0.173150087,0.454809482,0.95235497,0.238887495,0
0.940723486,0.932924265,0.930178806,0.936493192,0.544377521,0.304289666,0.712270524,0.936884172,0.917624548,0.205005371,0.761289636,0.54549051,0
0.95419744,0.937982439,0.946101739,0.947232313,0.074688755,0.909905701,0.530496828,0.935371893,0.924764427,0.061658679,0.562665649,0.124986551,0
0.915121766,0.906145608,0.908600108,0.911342916,0.088426134,0.596558901,0.60102843,0.89768929,0.889420239,0.766689587,0.721756455,0.042558351,0
0.370255906,0.36913418,0.369547173,0.37033432,0.896643032,0.716272933,0.732339097,0.361083228,0.358546494,0.78359987,0.003853499,0.040028107,0
0.015449523,0.020690247,0.018005556,0.019857029,0.875849164,0.842177894,0.277125611,0.032056513,0.019931369,0.598372166,0.68554715,0.950286178,0
0.928579895,0.931340688,0.928266285,0.925095116,0.434399882,0.523623986,0.401324703,0.920593184,0.922727377,0.148588139,0.041942535,0.04477358,0
0.428298417,0.422061062,0.42496873,0.424067357,0.328152515,0.845415579,0.606885109,0.416973111,0.428293713,0.476209299,0.887838725,0.603230549,0
0.966927424,0.964468147,0.961619016,0.967228953,0.644135905,0.638800047,0.096414803,0.956731981,0.948223624,0.177879509,0.896717239,0.057373296,0
0.963891689,0.966314308,0.967736252,0.965255981,0.807007196,0.68568915,0.833267458,0.954731461,0.961265867,0.881291147,0.114258968,0.714710359,0
0.853248643,0.834452438,0.843441416,0.840896551,0.731700832,0.15285653,0.343378746,0.818081889,0.818845797,0.697296491,0.679751051,0.489377129,0
0.294523836,0.304348498,0.300103704,0.303730931,0.615613651,0.939074945,0.658865165,0.314434121,0.308755251,0.031348898,0.668261348,0.208363857,0
0.385199328,0.382159581,0.381354865,0.38979947,0.231504631,0.796130641,0.99587263,0.390952193,0.389569011,0.001636647,0.498144401,0.603380856,0
0.851375308,0.833123097,0.84482992,0.839276246,0.262499838,0.254205037,0.475368153,0.830705949,0.830231594,0.983784078,0.024933781,0.334241318,0
0.317003557,0.319098774,0.313676011,0.322920589,0.724083031,0.580026103,0.214903023,0.33167579,0.324978575,0.039819676,0.114042372,0.1515105,0
0.169530947,0.187820327,0.179629773,0.177897238,0.802638905,0.376483351,0.216288777,0.187555748,0.193317608,0.865876597,0.659390275,0.739864209,1
0.556953351,0.54432308,0.552638373,0.54919538,0.11612363,0.660438963,0.06014099,0.5393492,0.546458066,0.955837296,0.529690827,0.381809468,0
0.93641841,0.929734202,0.925368912,0.935086062,0.187288662,0.993806721,0.767257376,0.921654835,0.925839231,0.308090802,0.046173389,0.46922859,0
0.696222825,0.692582108,0.692620402,0.699580884,0.680483868,0.045741109,0.293331422,0.679393895,0.688871836,0.54013604,0.517625771,0.038628998,0
0.570217157,0.578385894,0.574639502,0.575356908,0.388987196,0.952580682,0.172555765,0.587113879,0.565237359,0.647413373,0.849412426,0.563788935,0
0.09719343,0.09620739,0.097977155,0.095759031,0.563301248,0.072387876,0.713840114,0.104566855,0.1107316,0.520425248,0.89065785,0.513788914,0
0.61517643,0.617684553,0.616254296,0.622018117,0.614825631,0.460787876,0.309045841,0.61225487,0.61759025,0.213486209,0.697114668,0.748580331,0
0.990333335,0.984747658,0.986760402,0.989112449,0.776221342,0.482133908,0.60054729,0.97609756,0.971787979,0.581236218,0.66276009,0.478193972,0
0.140113568,0.152522464,0.144627838,0.150464579,0.805736141,0.268734494,0.417798517,0.155849509,0.146726302,0.258655299,0.769256795,0.844144309,0
0.518470428,0.529438015,0.527877719,0.52462865,0.280091998,0.566729809,0.334076454,0.524745475,0.53119011,0.165001782,0.133359026,0.34804388,0
0.877619423,0.877953761,0.873089223,0.879341893,0.541304129,0.834013041,0.48944347,0.870592516,0.872010182,0.505521693,0.190158643,0.747240764,0
0.740974801,0.725130556,0.730580125,0.733498012,0.12351271,0.293973956,0.313705143,0.721456156,0.711081995,0.371989331,0.485794093,0.241747279,0
0.697209059,0.692805378,0.690956908,0.701369615,0.842035978,0.070401345,0.870800074,0.688572812,0.689553466,0.027381846,0.451070219,0.863338633,0
0.70267901,0.696368326,0.69455911,0.704140262,0.845468901,0.632318732,0.072812431,0.694819982,0.681538136,0.949699114,0.184322363,0.35192181,0
0.359585221,0.358496277,0.356681094,0.360280663,0.299502337,0.751788372,0.029900852,0.368953401,0.359147191,0.039529376,0.678379766,0.736491949,0
0.293666536,0.297448589,0.290599474,0.301562253,0.160610633,0.954580192,0.406358693,0.291619495,0.296439214,0.902974671,0.741227198,0.804352419,0
0.809587508,0.800643529,0.800471767,0.809825951,0.070078167,0.15952718,0.172673706,0.803463466,0.790962956,0.189717088,0.2708333,0.164125159,0
0.810339969,0.80255781,0.804309698,0.810686295,0.574985344,0.901413393,0.74388797,0.791344258,0.803458454,0.141840544,0.3129401,0.801350585,0
0.867315641,0.871692933,0.870688835,0.870507358,0.09141544,0.482148186,0.353368829,0.859745212,0.865710657,0.069138294,0.257315156,0.289639901,0
0.913497451,0.895088847,0.907438073,0.899952169,0.680608456,0.23576601,0.261319219,0.891041725,0.891419199,0.425698104,0.278595518,0.595262001,0
0.51148112,0.522106913,0.519442076,0.517930475,0.678139902,0.962806218,0.359319834,0.534104942,0.51439937,0.58686445,0.364692123,0.521664564,0
0.501652126,0.501673407,0.495514814,0.503540088,0.613998048,0.238437228,0.219341081,0.491047422,0.488301245,0.903753473,0.441135344,0.585681332,0
0.798518278,0.795673863,0.791559618,0.800986277,0.876582851,0.733486171,0.299556173,0.795264598,0.794457493,0.783761016,0.484242393,0.78869081,0
0.650143413,0.65553803,0.650713807,0.65129044,0.378280824,0.784932299,0.568044768,0.658334029,0.659704045,0.159602802,0.48496632,0.831425026,0
0.702161651,0.694944695,0.697671351,0.703354273,0.902293079,0.430540214,0.864263908,0.694040676,0.688432115,0.167705472,0.617380809,0.25077704,0
0.796015032,0.788493816,0.784278047,0.798813121,0.036910278,0.690023842,0.3708144,0.772290214,0.783115047,0.008131451,0.344114633,0.189235407,0
0.890255408,0.880198205,0.878812485,0.891412657,0.112745279,0.572507995,0.320587674,0.876596359,0.881739826,0.687828893,0.503480784,0.083700273,0
0.338082905,0.339036251,0.338718303,0.342661452,0.412207206,0.19203752,0.781973492,0.333811923,0.328819602,0.017450848,0.506163305,0.706081779,0
0.375681754,0.389305511,0.384377115,0.384940404,0.594002768,0.759931685,0.022169125,0.38224881,0.377757462,0.138526483,0.096624028,0.476258194,0
0.093997937,0.11130904,0.100861935,0.106628775,0.032360343,0.928071505,0.301981426,0.124317041,0.106817809,0.634553342,0.629457074,0.149384157,1
0.578438545,0.56772608,0.570912717,0.571195904,0.567443037,0.488663211,0.452163062,0.572253164,0.56889019,0.150246944,0.278159456,0.483328192,0
0.035941204,0.036861248,0.040138079,0.041262769,0.307395287,0.994370171,0.600740131,0.055923304,0.051182069,0.153195566,0.046878841,0.984695808,0
0.465723288,0.465234961,0.464639131,0.471838083,0.887169629,0.427986299,0.155881857,0.454957463,0.460705934,0.233986278,0.647211929,0.557820884,0
0.54279256,0.532592759,0.535997786,0.535648202,0.533291634,0.47976112,0.432835426,0.530061753,0.534352192,0.385252025,0.048335467,0.872194036,0
0.286613871,0.294652451,0.287261808,0.295908633,0.587903386,0.673935405,0.566358971,0.287795566,0.302523725,0.007837166,0.441926566,0.088358545,0
0.590995356,0.580862053,0.587866521,0.58434649,0.94564724,0.185774481,0.510276421,0.577085057,0.573121781,0.746072876,0.621252119,0.902195753,0
0.03049758,0.041671318,0.034638118,0.044618311,0.764188365,0.901999578,0.574614373,0.051080832,0.04081215,0.773835698,0.998810202,0.558195972,0
0.037347533,0.035768245,0.041165685,0.039053108,0.438276072,0.801319445,0.662512565,0.046202835,0.040376085,0.366734454,0.515195647,0.540021904,0
0.822830806,0.811948205,0.81438709,0.821740479,0.476884142,0.872468824,0.379322647,0.803616947,0.807859036,0.798137064,0.318200906,0.137739629,0
0.360284917,0.368162548,0.365058941,0.365314052,0.647936023,0.609592048,0.063402408,0.377043488,0.367266871,0.284757479,0.492075237,0.456907635,0
0.127086236,0.135247005,0.12613969,0.135465484,0.200191407,0.883800278,0.055318258,0.14107092,0.136359859,0.985716718,0.195669002,0.484581934,0
0.522385186,0.534148011,0.526922401,0.524411548,0.088638057,0.680010796,0.858942922,0.534909959,0.541399962,0.397724119,0.437994349,0.139989355,0
0.77020833,0.774098454,0.773084442,0.772707617,0.311233657,0.511587632,0.677542235,0.777143004,0.767699895,0.668822881,0.873263141,0.335606483,0
0.215872851,0.219068311,0.21536814,0.22038248,0.77840077,0.931846423,0.764358075,0.217522857,0.218737617,0.322433861,0.136069441,0.878987677,0
0.623061997,0.609836746,0.619669977,0.616548811,0.257318536,0.439741563,0.929073588,0.604464139,0.613889366,0.450825562,0.53022136,0.033335205,0
